focal_district,district
Adilabad,Yavatmal
Adilabad,Chandrapur
Adilabad,Nizamabad
Adilabad,Karimnagar
Agra,Mathura
Agra,Etawah
Agra,Dholpur
Agra,Jalaun
Agra,Firozabad
Agra,Jhansi
Agra,Bharatpur
Agra,Datia
Agra,Pakistan
Agra,Gwailor
Agra,Morena
Ahmedabad,Mehsana
Ahmedabad,Sabarkantha
Ahmedabad,Gandhinagar
Ahmedabad,Kheda
Ahmedabad,Bhavnagar
Ahmedabad,Surendranagar
Ahmednagar,Solapur
Ahmednagar,Osmanabad
Ahmednagar,Beed
Ahmednagar,Aurangabad
Ahmednagar,Nashik
Ahmednagar,Thane
Ahmednagar,Pune
Ajmer,Tonk
Ajmer,Bundi
Ajmer,Jaipur
Ajmer,Bhilwara
Ajmer,Pali
Ajmer,Rajsamand
Ajmer,Nagaur
Akola,Amravati
Akola,Washim
Akola,Buldhana
Alappuzha,Ernakulam
Alappuzha,Kottayam
Alappuzha,Pathanamthitta
Alappuzha,Kollam
Aligarh,Gautam Buddha Nagar
Aligarh,Bulandshahr
Aligarh,Budaun
Aligarh,Faridabad Kanshiram Nagar
Aligarh,Mathura
Aligarh,Mahamaya Nagar
Aligarh,Etah
Allahabad,Kaushambi
Allahabad,Mizrapur
Allahabad,Jaunpur
Allahabad,Partapgarh
Allahabad,Chitrakut
Allahabad,Rewa
Allahabad,Sidhi
Almora,Chamoli
Almora,Bageshwar
Almora,Pithoragarh
Almora,Champawat
Almora,Nainital
Almora,Pauri Garhwal
Alwar,Mahendragarh
Alwar,Rewari
Alwar,Mewat
Alwar,Jaipur
Alwar,Dausa
Alwar,Bharatpur
Ambala,Haryana
Ambala,Punjab
Ambala,Delhi
Ambala,Chandigarh
Ambala,Amritsar
Ambala,Shimla
Ambedkar Nagar,Faizabad
Ambedkar Nagar,Basti
Ambedkar Nagar,Sultanpur
Ambedkar Nagar,Sant Kabir Nagar
Ambedkar Nagar,Gorakhpur
Ambedkar Nagar,Azamgarh
Amravati,Betul
Amravati,Wardha
Amravati,Nagpur And Wardha
Amravati,Washim
Amravati,Hingoli
Amravati,Chandrapur
Amravati,Yavatmal
Amravati,Nanded
Amravati,Adilabad
Amreli,Rajkot
Amreli,Junagadh
Amreli,Bhavnagar
Amritsar,Firozpur
Amritsar,Kapurthala
Amritsar,Gurdaspur
Amritsar,Pakistan
Anand,Kheda
Anand,Vadodara
Anand,Ahmedabad
Anand,Cambay
Anantapur,Bellary
Anantapur,Kadapa
Anantapur,Chittoor
Anantapur,Kurnool
Anantapur,Chitradurga
Anantapur,Tumkur
Anantnag,Srinagar
Anantnag,Ganderbal
Anantnag,Kargil
Anantnag,Pulwama
Anantnag,Kulgam
Anantnag,Kishtwar
Anantnag,Ramban
Anantnag,Doda
Angul,Dhenkanal
Angul,Boudh
Angul,Cuttack
Angul,Sambalpur
Angul,Kendujhar
Angul,Deogarh
Araria,Supaul
Araria,Madhepura
Araria,Purnia
Araria,Kishanganj
Azamgarh,Mau
Azamgarh,Gorakhpur
Azamgarh,Ghazipur
Azamgarh,Jaunpur
Azamgarh,Sultanpur
Azamgarh,Ambedkar Nagar
Bagalkot,Belgaum
Bagalkot,Bijapur
Bagalkot,Koppal
Bagalkot,Gadag
Bagalkot,Raichur
Baghpat,Muzaffarnagar
Baghpat,Panipat
Baghpat,Sonipat
Baghpat,North West Delhi
Baghpat,Ghaziabad
Baghpat,Meerut
Bahraich,Bardiya
Bahraich,Banke
Bahraich,Lakhimpur
Bahraich,Sitapur
Bahraich,Hardoi
Bahraich,Gonda
Bahraich,Shravasti
Bahraich,Nepal
Balaghat,Dindori
Balaghat,Rajnandgaon
Balaghat,Gondiya
Balaghat,Bhandara
Balaghat,Seoni
Balangir,Sonepur
Balangir,Nuapara
Balangir,Kalahandi
Balangir,Bargarh
Balasore,Midnapore
Balasore,Bhadrak
Balasore,Mayurbhanj
Balasore,Keonjhar
Ballia,Salempur
Ballia,Azamgarh
Ballia,Ghazipur
Ballia,Varanasi
Balrampur,Shrawasti
Balrampur,Gonda
Balrampur,Siddharthnagar
Balrampur,Nepal
Banaskantha,Rajasthan
Banaskantha,Sabarkantha
Banaskantha,Kutch
Banaskantha,Patan
Banaskantha,Mehsana
Banda,Hamirpur
Banda,Girwan
Banda,Fatehpur
Banda,Chitrakut
Bangalore Rural,Bangalore Urban
Bangalore Rural,Kolar
Bangalore Rural,Tumkur
Bangalore Rural,Mandya
Bangalore Rural,Chamrajnagar
Bangalore Urban,Bangalore Rural
Banka,Bihar
Banka,Bhagalpur
Banka,Rampurhat
Banka,Howrah
Banswara,Udaipur
Banswara,Dungarpur
Banswara,Partabgarh
Banswara,Ratlam
Banswara,Jhabua
Baramulla,Punch
Baramulla,Budgam
Baramulla,Srinagar
Baramulla,Kupwara
Baramulla,Ganderbal
Baramulla,Bandipur
Bardhaman,Hooghly
Bardhaman,Purulia
Bardhaman,Bankura
Bardhaman,Hooghly
Bardhaman,Puruliya
Bardhaman,West Midnapore
Bardhaman,Birbhum
Bardhaman,Nadia And Murshidabad
Bareilly,Pilibhit
Bareilly,Shahjahanpur
Bareilly,Rampur
Bareilly,Badaun
Bargarh,Jharsuguda
Bargarh,Sambalpur
Bargarh,Sonepur
Bargarh,Bolangir
Bargarh,Nuapada
Bargarh,Mahasamund
Bargarh,Raigarh
Barmer,Pakistan
Barmer,Jaisalmer
Barmer,Jalore
Barmer,Pali
Barmer,Jodhpur
Barmer,Banaskantha
Barpeta,Bhutan
Barpeta,Nalbari
Barpeta,Kamrup
Barpeta,Goalpara
Barpeta,Bongaigaon
Bastar,Rajnandgaon
Bastar,Kondagaon
Bastar,Nabarangpur
Bastar,Koraput
Bastar,Dantewada
Basti,Sant Kabir Nagar
Basti,Gonda
Basti,Faizabad
Basti,Ambedkar Nagar
Basti,Siddharthnagar
Bathinda,Faridkot
Bathinda,Mukatsar
Bathinda,Barnala
Bathinda,Mansa
Bathinda,Moga
Bathinda,Sangrur
Bathinda,Sirsa
Beed,Jalna
Beed,Parbhani
Beed,Osmanabad
Beed,Ahmadnagar
Begusarai,Samastipur
Begusarai,Khagaria
Begusarai,Patna
Begusarai,Lakhisarai
Begusarai,Munger
Belgaum,Maharashtra
Belgaum,Bagalkot
Belgaum,Bijapur
Belgaum,Gadag
Belgaum,Dharawad
Bellary,Raichur
Bellary,Koppal
Bellary,Chitradurga
Bellary,Davanagere
Bellary,Anantapur
Bellary,Kurnool
Betul,Hoshangabad
Betul,Amaroti
Betul,Chhindwara
Betul,East Nimar
Betul,Amaroti
Bhabhua,Rohtas
Bhabhua,Bhojpur
Bhabhua,Ghazipur
Bhabhua,Chandauli
Bhadrak,Jajpur
Bhadrak,Kendrapara
Bhadrak,Baleshwar
Bhadrak,Kendujhargarh
Bhagalpur,Katihar
Bhagalpur,Banka
Bhagalpur,Munger
Bhagalpur,Khagaria
Bhagalpur,Purnia
Bhagalpur,Madhepura
Bhandara,Balaghat
Bhandara,Nagpur
Bhandara,Chandrapur
Bhandara,Gondiya
Bharatpur,Rewari
Bharatpur,Gurgaon
Bharatpur,Mathura
Bharatpur,Agra
Bharatpur,Dholpur
Bharatpur,Karauli
Bharatpur,Dausa
Bharatpur,Alwar
Bharuch,Narmada
Bharuch,Surat
Bharuch,Surat
Bharuch,Narmada
Bharuch,Vadodara
Bharuch,Vadodara
Bharuch,Anand
Bhavnagar,Ahmedabad
Bhavnagar,Surendranagar
Bhavnagar,Rajkot
Bhavnagar,Amreli
Bhilwara,Ajmer
Bhilwara,Rajsamand
Bhilwara,Chittorgarh
Bhilwara,Bundi
Bhilwara,Tonk
Bhimnagar,Bahjoi
Bhimnagar,Chandausi Tehsil
Bhimnagar,Moradabad
Bhiwani,Hisar
Bhiwani,Hanumangarh
Bhiwani,Churu
Bhiwani,Jhunjhunun
Bhiwani,Mahendragarh
Bhiwani,Rewari
Bhiwani,Jhajjar
Bhiwani,Rohtak
Bhojpur,Saran
Bhojpur,Nalanda
Bhojpur,Balia
Bhojpur,Samastipur
Bhojpur,Rohtas
Bhojpur,Saran
Bhojpur,Buxar
Bhojpur,Vaishali
Bhojpur,Patna
Bhojpur,Munger
Bhojpur,Jahanabad
Bhojpur,Jahanabad
Bhojpur,Arwal
Bidar,Gulbarga
Bijapur,Gulbargah
Bijapur,Yadgir
Bijapur,Raichur
Bijapur,Bagalkot
Bijapur,Belgaum
Bijapur,Sangli
Bijapur,Solapur
Bikaner,Ganganagar
Bikaner,Hanumangarh
Bikaner,Churu
Bikaner,Nagaur
Bikaner,Jodhpur
Bikaner,Jaisalmer
Bikaner,Pakistan
Bilaspur,Loriya
Bilaspur,Korba
Bilaspur,Janjgir-Champa
Bilaspur,Raipur
Bilaspur,Durg
Bilaspur,Kabirdham
Bilaspur,Shahdol
Birbhum,Barddhaman
Birbhum,Murshidabad
Birbhum,Dumka
Birbhum,Pakaur
Birbhum,Jamtara
Budaun,Bareilly
Budaun,Moradabad
Budaun,Bulandshahr
Budaun,Aligarh
Budaun,Kanshiram Nagar
Budaun,Shahjahanpur
Bulandshahr,Aligarh
Bulandshahr,Gautam Budh Nagar
Bulandshahr,Ghaziabad
Buldhana,Akola
Buldhana,Washim
Buldhana,Amravati
Buldhana,Jalgaon
Buldhana,Aurangabad
Buldhana,Jalna
Central Delhi,Haryana
Central Delhi,Rajasthan
Central Delhi,Uttar Pradesh
Central Delhi,Punjab
Chail,Chir Pine
Chail,Deodars
Chamba,Kangra
Chamba,Lahaul And Spiti
Chamba,Doda
Chamba,Kishtwar
Chamba,Kathua
Chamba,Gurdaspur
Chandauli,Bihar
Chandauli,Ghazipur District
Chandauli,Sonebhadra
Chandauli,Mirzapur
Chandrapur,Nagpur
Chandrapur,Wardha
Chandrapur,Yavatmal
Chandrapur,Adilabad
Chandrapur,Gadchiroli
Chandrapur,Bhandara
Chatra,Palamu
Chatra,Latehar
Chatra,Ranchi
Chatra,Hazaribagh
Chatra,Gaya
Chennai,Tiruvallur
Chennai,Kanchipuram
Chhatarpur,Panna
Chhatarpur,Damoh
Chhatarpur,Sagar
Chhatarpur,Tikamgarh
Chhatrapati Shahuji Maharaj Nagar,Faizabad
Chhatrapati Shahuji Maharaj Nagar,Sultanpur
Chhatrapati Shahuji Maharaj Nagar,Amethi
Chhatrapati Shahuji Maharaj Nagar,Gauriganj
Chhatrapati Shahuji Maharaj Nagar,Musafirkhana
Chhatrapati Shahuji Maharaj Nagar,Raebareli
Chhindwara,Nagpur
Chhindwara,Hoshangabad
Chhindwara,Narsinghpur
Chhindwara,Betul
Chhindwara,Seoni
Chikballapur,Bangalore Rural
Chikballapur,Tumkur
Chikballapur,Kolar
Chikkamagaluru,Kadur
Chikkamagaluru,Tarikere
Chikkamagaluru,Mudigere
Chikkamagaluru,Shringeri
Chikkamagaluru,Koppa
Chikkamagaluru,Narasimharajapura
Chingleput,Kanchipuram
Chingleput,Tiruvallur
Chingleput,Chennai
Chitradurga,Tumkur
Chitradurga,Chikmagalur
Chitradurga,Davanagere
Chitradurga,Bellary
Chitradurga,Anantapur
Chittoor,Anantapur
Chittoor,Kadapa
Chittoor,Nellore
Chittoor,Vellore
Chittoor,Tiruvallur
Chittorgarh,Neemuch
Chittorgarh,Mandsaur
Chittorgarh,Ratlam
Chittorgarh,Pratapgarh
Chittorgarh,Udaipur
Chittorgarh,Rajsamand
Chittorgarh,Bhilwara
Chittorgarh,Bundi
Chittorgarh,Kota
Coimbatore,Tirupur
Coimbatore,Pollachi
Coimbatore,Udumalpettai
Coimbatore,Valparai
Cooch Behar,Bangladesh
Cooch Behar,Jalpaiguri
Cooch Behar,Kokrajhar
Cooch Behar,Dhubri
Cuddalore,Puthucherry
Cuddalore,Nagapatanam
Cuddalore,Ariyalur
Cuddalore,Perambalur
Cuddalore,Viluppuram
Dadra And Nagar Haveli,Anuradhapura
Dadra And Nagar Haveli,Mannar
Dadra And Nagar Haveli,Puttalam
Dahod,Panchmahal
Dahod,Vadodara
Dahod,Jhabua
Dahod,Alirajpur
Dahod,Banswara
Dakshin Dinajpur,Uttar Dinajpur
Dakshin Dinajpur,Maldah
Dakshina Kannada,Udupi
Dakshina Kannada,Chikkamagaluru
Dakshina Kannada,Hassan
Dakshina Kannada,Kodagu
Dakshina Kannada,Kasaragod
Damoh,Sagar
Damoh,Chhatarpur
Damoh,Panna
Damoh,Katni
Damoh,Jabalpur
Damoh,Narsimhapur
Darbhanga,Muzaffarpur
Darbhanga,Vaishali
Darbhanga,Samastipur
Darbhanga,Saharsha
Darbhanga,Madhubani
Darjeeling,West Sikkim
Darjeeling,Kishanganj
Darjeeling,Nepal
Darjeeling,South Sikkim
Darjeeling,North Dinajpur
Darjeeling,East Sikkim
Darjeeling,Jalpaiguri
Darjeeling,Bangladesh
Darrang,Udalguri
Darrang,Sonitpur
Darrang,Marigaon
Darrang,Kamrup
Datia,Bhind
Datia,Gwalior
Datia,Shivpuri
Datia,Jhansi
Dausa,Alwar
Dausa,Sawai Madhopur
Dausa,Bharatpur
Dausa,Karauli
Dausa,Jaipur
Davanagere,Shivamogga
Davanagere,Haveri
Davanagere,Chitradurga
Davanagere,Bellary
Dehradun,Uttarkashi
Dehradun,Tehri
Dehradun,Pauri
Dehradun,Sirmaur
Dehradun,Haridwar
Dehradun,Saharanpur
Deogarh,Sambalpur
Deogarh,Sundargarh
Deogarh,Angul
Dewas,Ujjain
Dewas,Indore
Dewas,West Nimar
Dewas,East Nimar
Dewas,Hoshangabad
Dewas,Sehore
Dewas,Shajapur
Dhanbad,Giridih
Dhanbad,Bokaro
Dhanbad,Dumka
Dhanbad,Purulia
Dhar,Ratlam
Dhar,Ujjain
Dhar,Indore
Dhar,Khargone
Dhar,Barwani
Dhar,Jhabua
Dharmapuri,Tiruvannamalai
Dharmapuri,Viluppuram
Dharmapuri,Salem
Dharmapuri,Krishnagiri
Dharwad,Karnataka
Dharwad,Karnataka
Dharwad,Hubli-Dharwad
Dharwad,Hubli-Dharwad
Dharwad,Bangalore
Dharwad,Bangalore
Dharwad,Pune
Dharwad,Pune
Dhenkanal,Keonjhar
Dhenkanal,Jajpur
Dhenkanal,Cuttack
Dhenkanal,Keonjhar
Dhenkanal,Jajpur
Dhenkanal,Cuttack
Dhenkanal,Angul
Dhenkanal,Angul
Dhubri,West Bengal
Dhubri,Bangladesh Goalpara
Dhubri,Bogaigoan
Dhubri,Garo Hills
Dhubri,Kokrajhar
Dhubri,Meghalaya
Dhule,Nashik
Dhule,Jalgaon
Dhule,Nandurbar
Dibrugarh,Dhemaji
Dibrugarh,Tinsukia
Dibrugarh,Lakhimpur
Dibrugarh,Sibsagar
Dindigul,Madurai
Dindigul,Theni
Dindigul,Tiruppur
Dindigul,Karur
Dindigul,Trichi
Dindigul,Sivaganga
Dumka,Sikaripara
Dumka,Dumka
Dumka,Jama
Dumka,Jarmundi
East Delhi,North East Delhi
East Delhi,North Delhi
East Delhi,Central Delhi
East Delhi,New Delhi
East Delhi,South Delhi
East Delhi,Ghaziabad
East Delhi,Baghpat
East Godavari,Vishakhapatnam
East Godavari,Khammam
East Godavari,West Godavari
East Godavari,Malkangiri
East Khasi Hills,Ri-Bhoi
East Khasi Hills,West Khasi Hills
East Khasi Hills,Jaintia Hills
East Singhbhum,Midnapore
East Singhbhum,Purulia
East Singhbhum,West Singhbhum
East Singhbhum,Mayurbhanj
Ernakulam,Thrissur
Ernakulam,Idukki
Ernakulam,Alappuzha
Ernakulam,Kottayam
Erode,Chamarajanagar
Erode,Nilgiris
Erode,Coimbatore
Erode,Tiruppur
Erode,Dharmapuri
Erode,Salem
Erode,Namakkal
Erode,Karur
Etah,Kanshiran Nagar
Etah,Farrukhabad
Etah,Mainpuri
Etah,Firozabad
Etah,Mahamaya Nagar|
Etawah,Mainpuri
Etawah,Farrukhabad
Etawah,Jalaun
Etawah,Bhind
Faizabad,Barabanki
Faizabad,Gonda
Faizabad,Basti
Faizabad,Ambedkar Nagar
Faizabad,Sultanpur
Faridabad,Ballabgarh
Faridabad,Palwal
Faridabad,Hodal
Faridabad,Hathin
Faridkot,Moga
Faridkot,Muktsar
Faridkot,Bathinda
Faridkot,Firozpur
Farrukhabad,Budaun
Farrukhabad,Shahjahanpur
Farrukhabad,Etah
Farrukhabad,Hardoi
Farrukhabad,Mainpuri
Farrukhabad,Kannauj
Fatehabad,Jind
Fatehabad,Rohtak
Fatehabad,Bhiwani
Fatehabad,Hanumangarth
Fatehpur,Unnao
Fatehpur,Kanpur Nagar
Fatehpur,Hamirpur
Fatehpur,Kaushambi
Fatehpur,Chitrakut
Fatehpur,Banda
Firozabad,Etah
Firozabad,Agra
Firozabad,Etawah
Firozabad,Mainpuri
Firozpur,Moga
Firozpur,Faridkot
Firozpur,Muktsar
Firozpur,Ganganagar
Firozpur,Kapurthala
Firozpur,Amritsar
Gandhinagar,Sabarkantha
Gandhinagar,Kheda
Gandhinagar,Ahmedabad
Gandhinagar,Mehsana
Ganganagar,Hanumangarh
Ganganagar,Bikaner
Ganganagar,Bathinda
Ganganagar,Pakistan
Ganjam,Bhubaneswar
Ganjam,Nayagarh
Ganjam,Puri
Ganjam,Khordha
Ganjam,Gajapati
Ganjam,Phulabani
Gaya,Aurangabad
Gaya,Nawada
Gaya,Jahanabad
Gaya,Arwal
Gaya,Chatra
Ghazipur,Mau
Ghazipur,Azamgarh
Ghazipur,Jaunpur
Ghazipur,Varanasi
Ghazipur,Chandauli
Ghazipur,Kaimur
Ghazipur,Buxar
Ghazipur,Ballia
Giridih,Jamui
Giridih,Nawada
Giridih,Deoghar
Giridih,Jamtara
Giridih,Dhanbad
Giridih,Bokaro
Giridih,Hazaribagh
Giridih,Koderma
Goalpara,Dhubri
Goalpara,Bongaigaon
Goalpara,Barpeta
Goalpara,Kamrup
Godda,Dumka
Godda,Sahebganj
Godda,Bhagalpur
Gonda,Barabanki
Gonda,Sitapur
Gonda,Sravasti
Gonda,Balrampur
Gonda,Siddharthnagar
Gonda,Faizabad
Gonda,Basti
Gondia,Nagpur
Gondia,Jabalpur
Gondia,Balaghat.
Gorakhpur,Kushinagar
Gorakhpur,Deoria
Gorakhpur,Sant Kabir Nagar
Gorakhpur,Maharajganj
Gorakhpur,Ambedkar Nagar
Gorakhpur,Azamgarh
Gorakhpur,Mau
Gulbarga,Bidar
Gulbarga,Bijapur
Gulbarga,Bijapur
Gulbarga,Solapur
Gulbarga,Raichur
Gulbarga,Bidar
Gulbarga,Osmanabad
Gulbarga,Yadgir
Gulbarga,Ranga Reddy
Guna,Baran
Guna,Jhalawar
Guna,Rajgarh
Guna,Bhopal
Guna,Vidisha
Guna,Ashoknagar
Guna,Shivpuri
Gurdaspur,Kathua
Gurdaspur,Kangra
Gurdaspur,Kapurthala
Gurdaspur,Amritsar
Gurdaspur,Kapurthala
Gurdaspur,Pakistan
Gurgaon,Jhajjar
Gurgaon,Faridabad
Gurgaon,Mewat
Gurgaon,Rewari
Gwalior,Bhind
Gwalior,Datia
Gwalior,Shivpuri
Gwalior,Sheopur
Gwalior,Morena
Hamirpur,Mandi
Hamirpur,Kangra
Hamirpur,Kangra
Hamirpur,Mandi
Hamirpur,Una
Hamirpur,Bilaspur
Hamirpur,Bilaspur
Hamirpur,Una
Hardoi,Shahjahanpur
Hardoi,Lakhimpur Kheri
Hardoi,Lucknow
Hardoi,Unnao
Hardoi,Farrukhabad
Hardoi,Sitapur
Hardoi,Kanpur Nagar
Hardoi,Kannauj
Haridwar,Pauri Garhwal
Haridwar,Dehradun
Haridwar,Muzaffarnagar
Haridwar,Pauri Garhwal
Haridwar,Nainital
Haridwar,Muzaffarnagar
Haridwar,Udham Singh Nagar
Haridwar,Bijnor
Haridwar,Meerut
Haridwar,Saharanpur
Haridwar,Jyotiba Phule Nagar
Haridwar,Moradabad
Hassan,Chikmagalur
Hassan,Tumkur
Hassan,Dakshina Kannada
Hassan,Kodagu
Hassan,Mysore
Hassan,Mandya
Hazaribagh,Koderma
Hazaribagh,Chatra
Hazaribagh,Giridih
Hazaribagh,Ramgarh
Hingoli,Yavatmal
Hingoli,Jalna
Hingoli,Adilabad
Hingoli,Washim
Hingoli,Parbhani
Hingoli,Yavatmal
Hingoli,Nizamabad
Hingoli,Nanded
Hingoli,Latur
Hingoli,Parbhani
Hingoli,Bidar
Hisar,Jind
Hisar,Bhiwani
Hisar,Sirsa
Hisar,Fatehabad
Hooghly,West Midnapore
Hooghly,Nadia
Hooghly,Bardhaman
Hooghly,Kolkata
Hooghly,North 24 Parganas
Hooghly,South 24 Parganas
Hooghly,Howrah
Hooghly,Bangladesh
Hoshangabad,Bhopal
Hoshangabad,Harda
Hoshangabad,Sehore
Hoshangabad,Raisen
Hoshangabad,Betul
Hoshiarpur,Gurdaspur
Hoshiarpur,Patiala
Hoshiarpur,Kapurthala
Hoshiarpur,Una
Hoshiarpur,Jalandhar
Hoshiarpur,Bilaspur
Hoshiarpur,Una
Hoshiarpur,Nawanshahr
Hoshiarpur,Nawanshahr
Hoshiarpur,Ludhiana
Hoshiarpur,Solan
Hoshiarpur,Fatehgarh Sahib
Hoshiarpur,Mohali
Howrah,North 24 Parganas
Howrah,South 24 Parganas
Howrah,Midnapore East
Hyderabad,Ranga Reddy
Idukki,Pathanamthitta
Idukki,Kottayam
Idukki,Ernakulam
Idukki,Thrissur
Idukki,Coimbature
Idukki,Dindigul
Idukki,Theni
Indore,Ujjain
Indore,Dhar
Indore,West Nimar
Indore,Dewas
Jabalpur,Katni
Jabalpur,Umaria
Jabalpur,Damoh
Jabalpur,Dindori
Jabalpur,Seoni
Jabalpur,Narsimhapur
Jabalpur,Mandla
Jagatsinghpur,Cuttack
Jagatsinghpur,Khorda
Jagatsinghpur,Puri
Jaintia Hills,Dima Hasao
Jaintia Hills,Tamenglong
Jaintia Hills,Hailakandi
Jaintia Hills,Kolasib
Jaintia Hills,Churachandpur
Jaipur,Sikar
Jaipur,Mahendragarh
Jaipur,Alwar
Jaipur,Nagaur
Jaipur,Dausa
Jaipur,Ajmer
Jaipur,Tonk
Jaipur,Sawai Madhopur
Jajpur,Cuttack
Jajpur,Dhenkanal
Jajpur,Kendujhargarh
Jajpur,Bhadrak
Jajpur,Kendrapara
Jalandhar,Kapurthala
Jalandhar,Nawanshahr
Jalandhar,Ludhiana
Jalandhar,Firozpur
Jalandhar,Hoshiarpur
Jalaun,Jhansi
Jalaun,Etawah
Jalaun,Hamirpur
Jalaun,Bhind
Jalaun,Ramabai Nagar
Jalaun,Tikamgarh
Jalaun,Guna
Jalgaon,Maharashtra
Jalgaon,Mumbai
Jalgaon,Pune
Jalgaon,Nagpur
Jalna,Jalgaon
Jalna,Parbhani
Jalna,Buldhana
Jalna,Beed
Jalna,Aurangabad
Jalore,Barmer
Jalore,Pali
Jalore,Sirohi
Jalore,Banaskantha
Jalpaiguri,Darjiling
Jalpaiguri,Koch Bihar
Jamnagar,Rajkot
Jamnagar,Porbhandar
Jamnagar,Junagadh
Jamui,Nawada
Jamui,Shekhupura
Jamui,Luckeesarai
Jamui,Munger
Jamui,Banka
Jamui,Giridih
Jamui,Devgha
Janjgir-Champa,Raigarh
Janjgir-Champa,Bilaspur
Janjgir-Champa,Mahanadi
Janjgir-Champa,Raipur
Janjgir-Champa,Korba
Jaunpur,Mirzapur
Jaunpur,Sultanpur
Jaunpur,Sant Ravidas Nagar
Jaunpur,Azamgarh
Jaunpur,Chandauli
Jaunpur,Pratapgarh
Jaunpur,Ghazipur
Jaunpur,Ghazipur
Jaunpur,Azamgarh
Jaunpur,Allahabad
Jaunpur,Sant Ravidas Nagar
Jaunpur,Varanasi
Jehanabad,Patna
Jehanabad,Gaya
Jehanabad,Nalanda
Jehanabad,Arwal
Jhabua,Banswara
Jhabua,Dohad
Jhabua,Alirajpur
Jhabua,Dhar
Jhabua,Ratlam
Jhajjar,Gurgaon
Jhajjar,Rewari
Jhajjar,Bhiwani
Jhajjar,Rohtak
Jhalawar,Kota
Jhalawar,Baran
Jhalawar,Guna
Jhalawar,Rajgarh
Jhalawar,Shajapur
Jhalawar,Ratlam
Jhalawar,Mandsaur
Jhalawar,Neemuch
Jhansi,Jalaun
Jhansi,Hamirpur
Jhansi,Mahoba
Jhansi,Tikamgarh
Jhansi,Lalitpur
Jhansi,Datia
Jhansi,Bhind
Jhun Jhunun,Sikar
Jhun Jhunun,Nagaur
Jhun Jhunun,Bikaner
Jhun Jhunun,Hanumangarh
Jhunjhunu,Churu
Jhunjhunu,Sikar
Jhunjhunu,Mahendragarh
Jhunjhunu,Bhiwani
Jodhpur,Bikaner
Jodhpur,Ajmer
Jodhpur,Naguar
Jodhpur,Pali
Jodhpur,Jaisalmer
Jorhat,Lakhimpur
Jorhat,Sibsagar
Jorhat,Golaghat
Junagadh,Rajkot
Junagadh,Porbandar
Junagadh,Amreli
Jyotiba Phule Nagar,Bijnor
Jyotiba Phule Nagar,Moradabad
Jyotiba Phule Nagar,Badaun
Kadapa,Prakasham
Kadapa,Nellore
Kadapa,Chitoor
Kadapa,Anandhapur
Kadapa,Kurnool
Kaithal,Patiala
Kaithal,Kurukshetra
Kaithal,Jind
Kaithal,Karnal
Kalahandi,Balangir
Kalahandi,Nuapada
Kalahandi,Nabarangpur
Kalahandi,Koraput
Kalahandi,Rayagada
Kalahandi,Kandhamal
Kalahandi,Boudh
Kamrup Metropolitan,Assam
Kamrup Metropolitan,Guwahati
Kamrup Metropolitan,Kamrup
Kanchipuram,Chennai
Kanchipuram,Viluppuram
Kanchipuram,Tiruvannamalai
Kanchipuram,Tiruvallur
Kanchipuram,Vellore
Kandhamal,Ganjam
Kandhamal,Gajapati
Kandhamal,Rayagada
Kandhamal,Nayagarh
Kandhamal,Bauda
Kandhamal,Kalahandi
Kandhamal,Bolangir
Kangra,Chamba
Kangra,Lahul And Spiti
Kangra,Kullu
Kangra,Mandi
Kangra,Hamirpur
Kangra,Una
Kanker,Durg
Kanker,Rajnandgaon
Kanker,Gadchiroli
Kanker,Narayanpur
Kanker,Bastar
Kanker,Dhamtari
Kannauj,Farrukhabad
Kannauj,Kanpur Nagar
Kannauj,Auraiya
Kannauj,Mainpuri
Kannauj,Hardoi
Kannauj,Etawah
Kannauj,Ramabai Nagar
Kannur,Kasaragod
Kannur,Kozhikode
Kannur,Wayanad
Kannur,Kodagu
Kanpur Nagar,Hardoi
Kanpur Nagar,Kannauj
Kanpur Nagar,Fatehpur
Kanpur Nagar,Hamirpur
Kanpur Nagar,Ramabai Negar
Kanpur Nagar,Unnao
Kanshi Ram Nagar,Etah
Kanshi Ram Nagar,Aligarh
Kanshi Ram Nagar,Badaun
Kanshi Ram Nagar,Farukhabad
Kanshi Ram Nagar,Mahamaya Nagar
Kanyakumari,Thiruvananthapuram
Kanyakumari,Tirunelveli
Karimganj,Hailakandi
Karimganj,Cachar
Karimganj,Mizoram
Karimganj,Tripura
Karimnagar,Adilabad
Karimnagar,Warangal
Karimnagar,Medak
Karimnagar,Nizamabad
Karimnagar,Gadchiroli
Karnal,Assandh
Karnal,Gharaunda
Karnal,Nilokheri
Karnal,Indri
Karur,Namakkal
Karur,Dindigul
Karur,Tiruchirapalli
Karur,Erode
Kasaragod,Kannur
Kasaragod,Western Ghats
Kathua,Udhampur
Kathua,Rajauri
Kathua,Kashmir
Kathua,Ladakh
Katihar,Purnea
Katihar,Bhagalpur
Katihar,Sahebganj
Katihar,Malda
Katihar,Uttar Dinajpur
Kavaratti,Agatti
Kavaratti,Amini
Kavaratti,Minicoy
Kavaratti,Kalpeni Andrott
Kavaratti,Keltan
Kavaratti,Chetlat
Kavaratti,Kadamat
Kavaratti,Bitra
Kavaratti,Perumal Par
Kendrapara,Jagatsingpur
Kendrapara,Cuttack
Kendrapara,Jajpur
Kendrapara,Bhadrak
Kendujhar,Sundargarh
Kendujhar,Deogarh
Kendujhar,Angul
Kendujhar,Dhenkanal
Kendujhar,Mayurbhanj
Kendujhar,Bhadrak
Kendujhar,Jaipur
Kerala,Tamil Nadu
Khagaria,Begusarai
Khagaria,Samastipur
Khagaria,Bhagalpur
Khagaria,Madhepura
Khagaria,Saharsa
Khagaria,Munger
Khammam,Dantewara
Khammam,Malkengiri
Khammam,East Godawari
Khammam,West Godawari
Khammam,Krishna
Khammam,Nalgonda
Khammam,Warangal
Khammam,Bijapur
Khandwa,Betul
Khandwa,Harda
Khandwa,Dewas
Khandwa,Khargone
Khandwa,Burhanpur
Khargone,Dhar
Khargone,Indore
Khargone,Dewas
Khargone,Khandwa
Khargone,Burhanpur
Khargone,Barwani
Kheda,Gandhinagar
Kheda,Panchmahal
Kheda,Ahmedabad
Kheda,Anand
Khordha,Jania
Khordha,Rathipur
Khordha,Dalaiput
Khordha,Argul
Khordha,Barapada
Khunti,Ranchi
Khunti,West Singhbhum
Khunti,Simdega
Khunti,Saraikela
Khunti,Gumla
Kishanganj,Darjeeling
Kishanganj,North Dinajpur
Kishanganj,Purnia
Kishanganj,Araria
Kodagu,Dakshina Kannada
Kodagu,Hassan
Kodagu,Mysore
Kodagu,Kannur
Kodagu,Wayanad
Kokrajhar,Jalpaiguri
Kokrajhar,Chirang
Kokrajhar,Kokrajhar
Kokrajhar,Cooch Behar
Kokrajhar,Dhubri
Kokrajhar,Bongaigaon
Kolar,Bangalore Rural
Kolar,Chikballapur
Kolar,Chittoor
Kolar,Krishnagiri
Kolar,Vellore
Kolhapur,Sangli
Kolhapur,Miraj
Kolhapur,Chikodi
Kolhapur,Belgaum
Kolhapur,Sahyadris
Kolkata,Howrah
Kolkata,North 24 Parganas
Kolkata,South 24 Parganas
Kolkata,Bangladesh
Kollam,Alappuzha
Kollam,Pathanamthitta
Kollam,Thirunelveli
Kollam,Thiruvavanathapuram
Koppal,Gadag
Koppal,Bagalkot
Koppal,Raichur
Koppal,Bellary
Koraput,Malkangiri
Koraput,Rayagada
Koraput,Nabarangpur
Koraput,Kalahandi
Kordha,Nayagarh
Kordha,Dhenkanal
Kordha,Angul
Kordha,Jajpur
Kordha,Jagatsinghpur
Kordha,Puri
Kota,Baran
Kota,Bundi
Kota,Jhalawar
Kota,Chittorgarh
Kottayam,Alappuzha
Kottayam,Ernakulam
Kottayam,Idukki
Kottayam,Pathanamthitta
Kozhikode,Kannur
Kozhikode,Wayanad
Kozhikode,Malappuram
Krishna,Khammam
Krishna,West Godavari
Krishna,Guntur
Krishna,Nalgonda
Krishnagiri,Vellore
Krishnagiri,Thiruvannamalai
Krishnagiri,Karnataka
Krishnagiri,Dharmapuri
Kurnool,Mahbubnagar
Kurnool,Anantapur
Kurnool,Kadapa
Kurnool,Praksam
Kurnool,Bellary
Kurukshetra,Ambala
Kurukshetra,Kaithal
Kurukshetra,Karnal
Kurukshetra,Yamuna Nagar
Kushinagar,Gopalganj
Kushinagar,Maharajganj
Kushinagar,Bihar
Kushinagar,Gorakhpur
Kushinagar,Siwan
Kushinagar,Deoria
Kushinagar,Bihar
Kushinagar,Gopalganj
Kushinagar,Ballia
Kushinagar,West Champaran
Kushinagar,Mau Gorakhpur District.
Lakhimpur,Pilibhit
Lakhimpur,Shahjahanpur
Lakhimpur,Hardoi
Lakhimpur,Sitapur
Lakhimpur,Bahraich
Lature,Beed
Lature,Hingoli
Lature,Parbhani
Lature,Nanded
Lature,Osmanabad
Lucknow,Sitapur
Lucknow,Hardoi
Lucknow,Bahraichm Gonda
Lucknow,Sitapur
Lucknow,Faizabad
Lucknow,Barabanki
Lucknow,Sultanpur
Lucknow,Unnao
Lucknow,Rae Bareli
Lucknow,Raebareli
Ludhiana,Jalandhar
Ludhiana,Firozpur
Ludhiana,Nawanshahr
Ludhiana,Rupnagar
Ludhiana,Fatehgarh Sahib
Ludhiana,Moga
Ludhiana,Sangrur
Machilipatnam,West Godavari
Machilipatnam,Guntur
Machilipatnam,East Godavari
Machilipatnam,Krishna
Madhepura,Purnia
Madhepura,Araria
Madhepura,Saharsa
Madhepura,Khagaria
Madhepura,Bhagalpur
Madhepura,Supaul
Madhubani,Darbhanga
Madhubani,Supaul
Madhubani,Sitamarhi
Madurai,Dindigul
Madurai,Sivaganga
Madurai,Virudhunagr
Madurai,Theni
Mahamaya Nagar,Mathura
Mahamaya Nagar,Aligarh
Mahamaya Nagar,Kanshiram Nagar
Mahamaya Nagar,Etah
Mahamaya Nagar,Agra
Maharajganj,Kushinagar
Maharajganj,Gorakhpur
Maharajganj,Gorakhpur
Maharajganj,Nepal
Maharajganj,Siddharthnagar
Maharajganj,Siddharthnagar
Maharajganj,Sant Kabir Nagar
Maharajganj,Sant Kabir Nagar
Maharajganj,Nepal
Maharajganj,West Champaran
Mahasamund,Raigarh
Mahasamund,Bargarh
Mahasamund,Nuaparha
Mahasamund,Raipur
Mahbubnagar,Ranga Reddy
Mahbubnagar,Ranga Reddy
Mahbubnagar,Raichur
Mahbubnagar,Nalgonda
Mahbubnagar,Kurnool
Mahbubnagar,Raichur
Mahbubnagar,Prakasam
Mahbubnagar,Prakasam
Mahbubnagar,Guntur
Mahbubnagar,Kurnool
Mahbubnagar,Nalgonda
Mahendragarh,Narnaul
Mahendragarh,Rewari
Mahendragarh,Bhiwani
Mahendragarh,Jhajjar
Mainpuri,Etah
Mainpuri,Kannauj
Mainpuri,Etawah
Mainpuri,Firozabad
Mainpuri,Farrukhabad
Malappuram,Nilgiris
Malappuram,Palakkad
Malappuram,Kozhikode
Malappuram,Wayanad
Maldah,Murshidabad
Maldah,North Dinajpur
Maldah,South Dinajpur
Maldah,Santhal Parganas
Maldah,Purnea
Maldah,Bangladesh
Mandi,Shimla
Mandi,Solan
Mandi,Bilaspur
Mandi,Hamirpur
Mandi,Kangra
Mandi,Kullu
Mandla,Jabalpur
Mandla,Seoni
Mandla,Dindori
Mandla,Balaghat
Mandla,Kabirdham
Mandsaur,Ratlam
Mandsaur,Neemuch
Mandsaur,Neemuch
Mandsaur,Rajasthan
Mandsaur,Pratapgarh
Mandsaur,Ratlam
Mandsaur,Chittaurgarh
Mandsaur,Kota
Mandsaur,Jhalawar
Mandya,Tumkur
Mandya,Ramanagara
Mandya,Mysore
Mandya,Hassan
Mathura,Palwal
Mathura,Mahamaya Nagar
Mathura,Agra
Mathura,Bharatpur
Mathura,Aligarh
Mau,Gorakhpur
Mau,Azamgarh
Mau,Ghazipur
Mau,Ballia
Mau,Deoria
Mayurbhanj,Medinapur
Mayurbhanj,Sinhbhum
Mayurbhanj,Balasore
Mayurbhanj,Keonjhar
Medak,Nizamabad
Medak,Ranga Reddy
Medak,Karimnagar
Medak,Warangal
Medak,Nalgonda
Medak,Bidar
Medak,Gulbarga
Meerut,Muzaffarnagar
Meerut,Bijnor
Meerut,Baghpat
Meerut,Ghaziabad
Meerut,Jyotiba Phule Nagar
Mehsana,Banaskantha
Mehsana,Patan
Mehsana,Surendranagar
Mehsana,Gandhinagar
Mehsana,Ahmedabad
Mehsana,Sabarkantha
Mirzapur,Sant Ravidas Nagar
Mirzapur,Varanasi
Mirzapur,Chandauli
Mirzapur,Sonbhadra
Mirzapur,Allahabad
Mirzapur,Rewa
Moga,Ludhiana
Moga,Sangrur
Moga,Faridkot
Moga,Firozpur
Moga,Bathinda
Moradabad,Rampur
Moradabad,Bijnor
Moradabad,Budaun
Moradabad,Jyotiba Phule Nagar
Moradabad,Rudrapur
Morena,Bhind
Morena,Gwalior
Morena,Shivpuri
Morena,Sheopur
Morena,Dholpur
Morena,Pinahat
Morena,Agra
Mumbai City,Mumbai Suburban
Mumbai City,Thane
Mumbai City,Raigad
Mumbai City,Raigad
Mumbai City,Pune
Munger,Bhagalpur
Munger,Banka
Munger,Khagaria
Munger,Begusarai
Munger,Luckeesarai
Munger,Jamui
Murshidabad,Malda
Murshidabad,Sahebganj
Murshidabad,Pakur
Murshidabad,Birbhum
Murshidabad,Bardhaman
Murshidabad,Nadia
Muzaffarnagar,Prabudh Nagar
Muzaffarnagar,Karnal
Muzaffarnagar,Pauri
Muzaffarnagar,Haridwar
Muzaffarnagar,Saharanpur
Muzaffarnagar,Baghpat
Muzaffarnagar,Meerut
Muzaffarnagar,Bijnor
Muzaffarpur,Samastipur
Muzaffarpur,Darbhanga
Muzaffarpur,Saran
Muzaffarpur,Vaisahali
Muzaffarpur,Sitamarhi
Muzaffarpur,Purbi Champaran
Mysooru,Mandya
Mysooru,Bangalore Rural
Mysooru,Dharmapuri
Mysooru,Salem
Mysooru,Erode
Mysooru,Nilgiris
Mysooru,Wayanad
Mysore,Hassan
Mysore,Kodagu
Mysore,Mandya
Mysore,Chamarajanagar
Mysore,Wayanad
Nabarangpur,Raipur
Nabarangpur,Bastar
Nabarangpur,Kalahandi
Nabarangpur,Koraput
Nadia,North 24 Parganas
Nadia,Hooghly
Nadia,Bardhaman
Nadia,Murshidabad
Nadia,Bangladesh
Nagaon,Sonitpur
Nagaon,Karbi Anglong
Nagaon,Dima Hasao
Nagaon,Karbi Anglong
Nagaon,Golaghat
Nagaon,Marigaon
Nagapattinam,Tiruvarur
Nagapattinam,Thanjavur
Nagapattinam,Ariyalur
Nagapattinam,Cuddalore
Nagaur,Bikaner
Nagaur,Jodhpur
Nagaur,Churu
Nagaur,Barmer
Nagaur,Sikar
Nagaur,Jalor
Nagaur,Jaipur
Nagaur,Sirohi
Nagaur,Ajmer
Nagaur,Udaipur
Nagaur,Pali
Nagaur,Rajsamand
Nagaur,Jodhpur
Nagaur,Ajmer
Nagpur,Bhandara
Nagpur,Chandrapur
Nagpur,Wardha
Nagpur,Amravati
Nagpur,Chhindwara
Nainital,Almora
Nainital,Udham Singh Nagar
Nainital,Haldwani
Nalanda,Islampur
Nalanda,Sheikhpura
Nalanda,Hilsa
Nalanda,Gaya
Nalanda,Harnaut
Nalanda,Jamui
Nalanda,Biharsharif
Nalanda,Koderma
Nalanda,Asthawan
Nalanda,Jharkhand Giridih
Nalanda,Rajgir
Nalgonda,Mahbubnagar
Nalgonda,Medak
Nalgonda,Krishna
Nalgonda,Warangal
Nalgonda,Prakasam
Nalgonda,Mahbubnagar
Nalgonda,Nalgonda
Nalgonda,Guntur
Nalgonda,Krishna
Nalgonda,Khammam
Nalgonda,Ranga Reddy
Namakkal,Erode
Namakkal,Salem
Namakkal,Perambalur
Namakkal,Karur
Namakkal,Tiruchchirappalli
Nandurbar,Dhule
Nandurbar,Gujarat
Nandurbar,Madhya Pradesh
Nandurbar,Narmada
Nashik,Jalgaon
Nashik,Dhule
Nashik,Buldana
Nashik,Julgaon
Nashik,Jalna
Nashik,Aurangabad
Nashik,Beed
Nashik,Ahmadnagar
Nashik,Ahmadnagar
Nashik,Thane
Nashik,Pune
Nawanshahr,Jalandar
Nawanshahr,Hoshiarpur
Nawanshahr,Rupnagar
Nawanshahr,Kapurthala
Nawanshahr,Ludhiana
Nellore,Prakasam
Nellore,Chitoor
Nellore,Kadapa
Nellore,Tiruvallar
New Delhi,South West Delhi
New Delhi,West Delhi
New Delhi,Central Delhi
New Delhi,South Delhi
New Delhi,Gurgaon
New Delhi,Jhajjar
Nilgiris,Chamarajanagar
Nilgiris,Malappuram
Nilgiris,Erode
Nizamabad,Adilabad
Nizamabad,Nanded
Nizamabad,Bidar
Nizamabad,Medak
Nizamabad,Karimnagar
North Delhi,North West Delhi
North Delhi,West Delhi
North Delhi,Central Delhi
North Delhi,North East Delhi
North Goa,Sindhudurg
North Goa,Kolhapur
North Goa,South Goa
North Satara,Pune
North Satara,Solapur
North Satara,Sangli
North Satara,Ratnagiri
North Satara,Raigad
Osmanabad,Solpaur
Osmanabad,Ahmednagar
Osmanabad,Beed
Osmanabad,Latur
Osmanabad,Bidar
Osmanabad,Gulbarga
Palakkad,Malappuram
Palakkad,Nilgiris
Palakkad,Coimbatore
Palakkad,Thrissur
Palamu,Chatra
Palamu,Hazaribagh
Palamu,Latehar
Palamu,Garhwa
Panchkula,Ambala
Panchkula,Mohali
Panchkula,Patiala
Panchkula,Roopnagar
Panchmahal,Dahod
Panchmahal,Vadodara
Panchmahal,Kheda
Panchmahal,Sabarkantha
Panchmahal,Banswara
Panchsheel Nagar,Meerut
Panchsheel Nagar,Ghaziabad
Panna,Damoh
Panna,Sagar
Panna,Tikamgarh
Parbhani,Hingoli
Parbhani,Nanded
Parbhani,Latur
Parbhani,Beed
Parbhani,Jalna
Parsa,Royal Chitawan
Parsa,Nirmalbasti
Parsa,Piparasimara
Paschim Medinipur,Bankura
Paschim Medinipur,Hooghly
Paschim Medinipur,East Singhbhum
Paschim Medinipur,Howrah
Paschim Medinipur,Mayurbhanj
Paschim Medinipur,Balasore
Paschim Medinipur,East Midnapore
Patan,Banaskantha
Patan,Mehsana
Patan,Surendranagar
Patan,Kutch
Patan,Rann Of Kutch
Pathanamthitta,Kottayam
Pathanamthitta,Idukki
Pathanamthitta,Alappuzha
Pathanamthitta,Tirunelveli
Pathanamthitta,Kollam
Patiala,Fatehgarh Sahib
Patiala,Rupnagar
Patiala,Mohali
Patiala,Sangrur
Patiala,Ambala
Patiala,Kurukshetra
Patiala,Kaithal
Perambalur,Tiruchchirappali
Perambalur,Ariyalur
Perambalur,Cuddalore
Perambalur,Viluppuram
Perambalur,Salem
Pilibhit,Kheri
Pilibhit,Bareilly
Pilibhit,Shahjahanpur
Porbandar,Jamnagar
Porbandar,Rajkot
Porbandar,Junagadh
Porva Champaran,Saran
Porva Champaran,Siwan
Porva Champaran,Deoria
Porva Champaran,Kushinagar
Porva Champaran,West Champaran
Prabudh Nagar,Karnal
Prabudh Nagar,Panipat
Prabudh Nagar,Baghpat
Prabudh Nagar,Baraut
Prabudh Nagar,Muzaffarnagar
Prabudh Nagar,Saharanpur
Prakasam,Guntur
Prakasam,Mahbubnagar
Prakasam,Kadapa
Prakasam,Nellore
Prakasam,Kurnool
Pratapgarh,Sultanpur
Pratapgarh,Allahabad
Pratapgarh,Jaunpur
Pratapgarh,Fatehpur
Pratapgarh,Rae Bareli
Pudukkottai,Sivagangai
Pudukkottai,Tiruchirappalli
Pudukkottai,Tanjavur
Pudukkottai,Ramanathapuram
Pune,Solapur
Pune,Satara
Pune,Raigarh
Pune,Thane
Pune,Ahmadnagar
Pupri,Nanpur
Pupri,Bajpatti
Pupri,Jaynagar
Pupri,Madhubani
Pupri,Benipatti
Pupri,Sitamarhi
Purba Medinipur,Howrah
Purba Medinipur,West Midnapore
Purba Medinipur,South 24 Parganas
Purba Medinipur,Balasore
Puri,Jagatsinghpur
Puri,Cuttack
Puri,Khordha
Puri,Ganjam
Purnia,Araria
Purnia,Katihar
Purnia,Madhepura
Purnia,West Dinajpur
Purulia,Barddhaman
Purulia,Bankura
Purulia,West Midnapore
Purulia,Bokaro
Purulia,Ramgarh
Purulia,Ranchi
Purulia,Seraikela-kharsawan
Purulia,East Singhbhum
Purulia,Dhanbad
Purvi Champaran,Nepal
Purvi Champaran,Muzzafferpur
Purvi Champaran,Sheohar
Purvi Champaran,Sitamarhi
Purvi Champaran,Paschim Champaram
Purvi Champaran,Gopal
Raebareli,Unnao
Raebareli,Barabanki
Raebareli,Fatehpur
Raebareli,Unnao
Raebareli,Barabanki
Raebareli,Sultanpur
Raebareli,Sultanpur
Raebareli,Kaushambi
Raebareli,Pratapgarh
Raichur,Yadgir
Raichur,Bijapur
Raichur,Bagalkot
Raichur,Koppal
Raichur,Bellary
Raichur,Mahbubnagar
Raichur,Kurnool
Raigad,Thane
Raigad,Pune
Raigad,Ratnagiri
Raigarh,Janjgir-Champa
Raigarh,Korba
Raigarh,Bilaspur
Raigarh,Mahasamund
Raigarh,District
Raipur,Bilaspur
Raipur,Bastar
Raipur,Raigarh
Raipur,Durg
Raisen,Bhopal
Raisen,Vidisha
Raisen,Sagar
Raisen,Narsimhapur
Raisen,Hoshangabad
Raisen,Sehore
Rajgarh,Bhopal
Rajgarh,Guna
Rajgarh,Sehore
Rajgarh,Shajapur
Rajkot,Kutch
Rajkot,Bhavnagar
Rajkot,Junagadh
Rajkot,Jamnagar
Rajnandgaon,Kabirdham
Rajnandgaon,Balaghat
Rajnandgaon,Gondiya
Rajnandgaon,Gadchiroli
Rajnandgaon,Kanker
Rajnandgaon,Durg
Ramanagara,Tumkur
Ramanagara,Bangalore Rural
Ramanagara,Mandya
Ramanagara,Chamrajnagar
Ramanagara,Krishnagiri
Ramanathapuram,Sivaganga
Ramanathapuram,Pudukkottai
Ramanathapuram,Virudhunagar
Ramanathapuram,Thoothukudi
Rampur,Udham Singh Nagar
Rampur,Bareilly
Rampur,Budaun
Rampur,Moradabad
Ranchi,Khunti
Ranchi,Gumla
Ranchi,Ramgarh
Ranchi,Lohardaga
Ranchi,Latehar
Ranchi,Seraikela-Kharsawan
Ranga Reddy,Gulbarga
Ranga Reddy,Medak
Ranga Reddy,Nalgonda
Ranga Reddy,Mahbubnagar
Ranga Reddy,Hyderabad
Ratnagiri,Kolhapur
Ratnagiri,Satara
Ratnagiri,Sangli
Ratnagiri,Raigad
Ratnagiri,Sindhudurg
Rewa,Sidhi
Rewa,Satna
Rewa,Chitrakoot
Rewa,Allahabad
Rewa,Mirzapur
Rewa,Singrauli
Rewa,Sidhi
Robertganj,Mirzapur
Robertganj,Chandoli
Robertganj,Kaimur
Robertganj,Bihar
Robertganj,Rohtas
Rohtak,Jind
Rohtak,Sonipat
Rohtak,Jhajjar
Rohtak,Hissar
Rohtak,Sirsa
Rohtak,Bhiwani
Rohtas,Bhabua
Rohtas,Auarangabad
Rohtas,Buxar
Rohtas,Bhojpur
Rohtas,Jahanabad
Sabarkantha,Banaskantha
Sabarkantha,Panchmahal
Sabarkantha,Kheda
Sabarkantha,Gandhinagar
Sabarkantha,Mehsana
Sagar,Chhatarpur
Sagar,Damoh
Sagar,Narsinghpur
Sagar,Raisen
Sagar,Vidisha
Saharanpur,Bijnor
Saharanpur,Muzaffarnagar
Saharanpur,Haridwar
Saharanpur,Kamal
Saharanpur,Yamuna Nagar
Saharsa,Madhubani
Saharsa,Supaul
Saharsa,Madhepura
Saharsa,Khagaria
Saharsa,Darbhanga
Sahibganj,Katihar
Sahibganj,Godda
Sahibganj,Malda
Sahibganj,Murshidabad
Sahibganj,Bhagalpur
Salem,Attur
Salem,Edappadi
Salem,Gangavalli
Salem,Mettur
Salem,Omalur
Salem,Sangagiri
Salem,Valapady
Salem,Yercaud
Samastipur,Muzaffarpur
Samastipur,Darbhanga
Samastipur,Vaishali
Samastipur,Patna
Samastipur,Begusarai
Samastipur,Khagaria
Sambalpur,Deogarh
Sambalpur,Bargarh
Sambalpur,Jharsuguda
Sambalpur,Sundergarh
Sambalpur,Subarnapur
Sambalpur,Angul
Sangli,Ratnagiri
Sangli,Satara
Sangli,Solapur
Sangli,Kolhapur
Sangli,Belagavi
Sangli,Bijapur
Sangrur,Ludhiana
Sangrur,Barnala
Sangrur,Mansa
Sangrur,Fatehabad
Sangrur,Jind
Sangrur,Patiala
Sangrur,Fatehgarh Sahib
Sant Kabir Nagar,Siddharthnagar
Sant Kabir Nagar,Maharajganj
Sant Kabir Nagar,Gorakhpur
Sant Kabir Nagar,Ambedkar Nagar
Sant Kabir Nagar,Basti
Saran,Siwan
Saran,Ballia
Saran,Gopalganj
Saran,Bhojpur
Saran,Muzaffarpur
Saran,Vaishali
Saran,Patna
Satara,Pune
Satara,Raigad
Satara,Solapur
Satara,Sangli
Satara,Ratnagiri
Satna,Banda
Satna,Chitrakoot
Satna,Rewa
Satna,Panna
Satna,Sidhi
Satna,Katni
Satna,Umaria
Satna,Shahdol
Sawai Madhopur,Jaipur
Sawai Madhopur,Dausa
Sawai Madhopur,Karauli
Sawai Madhopur,Tonk
Sawai Madhopur,Bundi
Sawai Madhopur,Kota
Sawai Madhopur,Sheopur
Sehore,Bhopal
Sehore,Raisen
Sehore,Hussainabad
Sehore,Dewas
Sehore,Shajapur
Sehore,Rajgarh
Seoni,Chhindwara
Seoni,Balaghat
Seoni,Gondia
Shahabad,Bhojpur
Shahabad,Rohtas
Shahabad,Buxar
Shahdol,Dindori
Shahdol,Satna
Shahdol,Sidhi
Shahdol,Umaria
Shahdol,Anuppur
Shahdol,Rewa
Shahjahanpur,Lakhimpur Kheri
Shahjahanpur,Hardoi
Shahjahanpur,Farrukhabad
Shahjahanpur,Bareilly
Shahjahanpur,Budaun
Shahjahanpur,Pilibhit
Shajapur,Ujjain
Shajapur,Dewas
Shajapur,Rajgarh
Shajapur,Jhalawar
Sheohar,Sitamarhi
Sheohar,East Champaran
Sheohar,West Champaran
Shimla,Solan
Shimla,Bilaspur
Shimla,Mandi
Shimla,Nahan
Shimla,Reckong Peo
Shimla,Uttarkashi
Shimoga,Haveri
Shimoga,Davanagere
Shimoga,Chikkamagaluru
Shimoga,Udupi
Shimoga,Uttara Kannada
Shivpuri,Morena
Shivpuri,Gwalior
Shivpuri,Datia
Shivpuri,Jhansi
Shivpuri,Kota
Shivpuri,Guna
Siddharthnagar,Balrampur
Siddharthnagar,Gonda
Siddharthnagar,Basti
Siddharthnagar,Maharajganj
Siddharthnagar,Gorakhpur
Siddharthnagar,Sant Kabir Nagar
Sidhi,Rewa
Sidhi,Singrauli
Sidhi,Satna
Sidhi,Rewa
Sidhi,Shahdol
Sidhi,Satna
Sidhi,Shahdol
Sidhi,Koriya
Sikar,Jhunjhunu
Sikar,Churu
Sikar,Nagaur
Sikar,Jaipur
Sikar,Mahendragarh
Singhbhum,East Singhbhum
Singhbhum,West Singhbhum
Singhbhum,Saraikela Kharsawan
Sirmaur,Solan
Sirmaur,Shimla
Sirmaur,Dehradun
Sirmaur,Ambala
Sirmaur,Yamunanagar
Sirmaur,Saharanpur
Sirmaur,Panchkula
Sirsa,Faridkot
Sirsa,Bhatinda
Sirsa,Ganganagar
Sirsa,Hissar
Sitamarhi,Riga
Sitamarhi,Bathnala
Sitamarhi,Parihar
Sitamarhi,Sursand
Sitamarhi,Bajpatti
Sitamarhi,Sitamarhi
Sitamarhi,Runnisaidpur
Sitamarhi,Belsand
Sitapur,Lakhimpur Kheri
Sitapur,Bahraich
Sitapur,Barabanki
Sitapur,Lucknow
Sitapur,Hardoi
Sivaganga,Ramanathapuram
Sivaganga,Virudhunagar
Sivaganga,Dindigul
Sivaganga,Madurai
Sivaganga,Tiruchirappalli
Sivaganga,Pudukkottai
Siwan,Saran
Siwan,Gopalganj
Siwan,Ballia
Solapur,Sangli
Solapur,Ahmadnagar
Solapur,Satara
Solapur,Osmanabad
Solapur,Pune
Solapur,Pune
Solapur,Ahmadnagar
Solapur,Satara
Solapur,Osmanabad
Solapur,Sangli
Solapur,Vijayapur
Solapur,Kalburgi
Sonbhadra,Mirzapur
Sonbhadra,Chandoli
Sonbhadra,Kaimur
Sonbhadra,Rohtas
Sonbhadra,Garhwa
Sonbhadra,Koriya
Sonbhadra,Surguja
Sonbhadra,Singrauli
Sonipat,Panipat
Sonipat,Jind
Sonipat,Rohtak
Sonitpur,Darrang
Sonitpur,Nagaon
Sonitpur,Golaghat
Sonitpur,Jorhat
Sonitpur,Lakhimpur
South 24 Parganas,Howrah
South 24 Parganas,North 24 Parganas
South 24 Parganas,Paschim Medinipur
South 24 Parganas,Purba Medinipur
South Delhi,New Delhi
South Delhi,Faridabad
South Delhi,Gurgaon
South Delhi,South West Delhi
Srikakulam,Vizianagarm
Srikakulam,Gajapati
Srikakulam,Ganjam
Srinagar,Baramula
Srinagar,Kargil
Srinagar,Anatnag
Srinagar,Punch
Srinagar,Budgam
Srivilliputtur,Aruppukkottai
Srivilliputtur,Kariapatti
Srivilliputtur,Rajapalayam
Srivilliputtur,Sattur
Srivilliputtur,Sivakasi
Srivilliputtur,Tiruchuli
Sultanpur,Pratapgarh
Sultanpur,Rae Barelli
Sultanpur,Barabanki
Sultanpur,Faizabad
Sultanpur,Ambedkar Nagar
Sultanpur,Azamgarh
Sultanpur,Jaunpur
Sundergarh,Raigarh
Sundergarh,Jashpur
Sundergarh,Simdega
Sundergarh,West Singhbhum
Sundergarh,Keonjhar
Sundergarh,Jharsuguda
Sundergarh,Sambalpur
Sundergarh,Deogarh
Surat,Baruch
Surat,Narmada
Surat,Tapti
Surat,Navsari
Surendranagar,Kutch
Surendranagar,Rajkot
Surendranagar,Bhavnagar
Surendranagar,Ahmedabad
Surguja,Sidhi
Surguja,Bilaspur
Surguja,Surguja
Surguja,Shahdol
Tehri Garhwal,Uttarkashi
Tehri Garhwal,Pauri Garhwal
Tehri Garhwal,Rudraprayag
Tehri Garhwal,Dehradun
Thane,Pune
Thane,Ahmadnagar
Thane,Nashik
Thane,Valsad
Thane,Dadra And Nagar Haveli
Thane,Mumbai City
Thane,Mumbai Suburban
Thane,Raigad
Thanjavur,Tiruchirappalli
Thanjavur,Ariyalur
Thanjavur,Nagapattinam
Thanjavur,Pudukkottai
Thanjavur,Thiruvarur
Theni,Dindigul
Theni,Madurai
Theni,Virudhunager
Thiruvananthapuram,Kollam
Thiruvananthapuram,Tirunelveli
Thiruvananthapuram,Kanyakumari
Thiruvannamalai,Vellore
Thiruvannamalai,Kanchipuram
Thiruvannamalai,Villupuram
Thiruvannamalai,Dharmapuri
Thiruvannamalai,Krishnagiri
Thoothukudi,Virudhunagar
Thoothukudi,Ramanathapuram
Thoothukudi,Thirunelveli
Thrissur,Palakkad
Thrissur,Coimbatore
Thrissur,Ernakulam
Thrissur,Malappuram
Tikamgarh,Chhatarpur
Tikamgarh,Lalitpur
Tikamgarh,Jhansi
Tiruchirappalli,Namakkal
Tiruchirappalli,Salem
Tiruchirappalli,Perambalur
Tiruchirappalli,Ariyalur
Tiruchirappalli,Karur
Tiruchirappalli,Thanjavur
Tiruchirappalli,Dindigul
Tiruchirappalli,Madurai
Tiruchirappalli,Sivaganga
Tiruchirappalli,Pudukkottai
Tirunelveli,Virudhunagar
Tirunelveli,The Western Ghats
Tirunelveli,Kanyakumari
Tirunelveli,Thoothukudi
Tiruppur,Idukki
Tiruppur,Karur
Tiruppur,Dingigul
Tiruppur,Coimbatore
Tiruppur,Erode
Tirupur,Coimbatore
Tirupur,Erode
Tirupur,Karur
Tirupur,Dindigul
Tiruvallur,Vellore
Tiruvallur,Chennai
Tiruvallur,Kanchipuram
Tiruvallur,Chittoor
Tiruvannamalai,Vellore
Tiruvannamalai,Vellore
Tiruvannamalai,Kanchipuram
Tiruvannamalai,Krishnagiri
Tiruvannamalai,Villupuram
Tiruvannamalai,Dharmapuri
Tiruvannamalai,Dharmapuri
Tiruvannamalai,Viluppuram
Tiruvannamalai,Krishnagiri
Tiruvannamalai,Kanchipuram
Tonk,Jaipur
Tonk,Sawai Madhopur
Tonk,Kota
Tonk,Bundi
Tonk,Bhilwara
Tonk,Ajmer
Tumkur,Chitradurga
Tumkur,Chikmagalur
Tumkur,Hassan
Tumkur,Mandya
Tumkur,Ramanagara
Tumkur,Bangalore Rural
Tumkur,Chikkaballapura
Tumkur,Anantapur
Udaipur,Sirohi
Udaipur,Pali
Udaipur,Rajsamand
Udaipur,Chittaurgarh
Udaipur,Banswara
Udaipur,Dungarpur
Udhampur,Ramban
Udhampur,Reasi
Udhampur,Jammu
Udhampur,Samba
Udhampur,Kathua
Udhampur,Doda
Udupi,Uttara Kannada
Udupi,Uttara Kannada
Udupi,Dakshina Kannada
Udupi,Dakshina Kannada
Udupi,Shivamogga
Udupi,Shivamogga
Udupi,Chikamagalur
Udupi,Chikamagalur
Ujjain,Indor
Ujjain,Dhar
Ujjain,Ratlam
Ujjain,Shajapur
Ujjain,Dewas
Una,Kangra
Una,Hamirpur
Una,Bilaspur
Una,Hoshiarpur
Unnao,Kanpur Nagar
Unnao,Hardoi
Unnao,Lucknow
Unnao,Raebareli
Unnao,Fatehpur
Uttar Dinajpur,Panchagarh
Uttar Dinajpur,Thakurgaon
Uttar Dinajpur,Dinajpur
Uttar Dinajpur,Kishanganj
Uttar Dinajpur,Purnia
Uttar Dinajpur,Katihar
Uttar Dinajpur,Darjeeling
Uttar Dinajpur,Jalpaiguri
Uttar Dinajpur,Malda
Uttar Dinajpur,Dakshin Dinajpur
Vadodara,Panchmahal
Vadodara,Alirajpur
Vadodara,Narmada
Vadodara,Anand
Vaishali,Muzaffarpur
Vaishali,Saran
Vaishali,Patna
Vaishali,Samastipur
Valsad,Anand
Valsad,Dahod
Valsad,Narmada
Valsad,Navsari
Valsad,Porbandar
Varanasi,Jaunpur
Varanasi,Ghazipur
Varanasi,Sant Ravidas Nagar
Varanasi,Chandauli
Varanasi,Mirzapur
Vellore,Tiruvallur
Vellore,Kanchipuram
Vellore,Tiruvannamalai
Vellore,Krishnagiri
Vidisha,Ashoknagar
Vidisha,Sagar
Vidisha,Raisen
Vidisha,Bhopal
Vidisha,Guna
Viluppuram,Salem
Viluppuram,Dharmapuri
Viluppuram,Cuddalore
Viluppuram,Perambalur
Viluppuram,Thiruvannamalai
Viluppuram,Puducherry
Virudhunagar,Theni
Virudhunagar,Madurai
Virudhunagar,Sivaganga
Virudhunagar,Ramanathapuram
Virudhunagar,Thoothukudi
Virudhunagar,Tirunelveli
Virudhunagar,Idukki
Visakhapatnam,East Godavari
Visakhapatnam,Malkangiri
Visakhapatnam,Koraput
Visakhapatnam,Vizianagaram
Vizianagaram,Srikakulam
Vizianagaram,Visakhapatnam
Vizianagaram,Koraput
Warangal,Karimnagar
Warangal,Bijapur
Warangal,Chhattisgarh
Warangal,Medak
Warangal,Nalgonda
Wardha,Chindwada
Wardha,Seoni
Wardha,Bhandara
Wardha,Chanda
Wardha,Nagpur
Washim,Akola
Washim,Amravati
Washim,Buldhana
Washim,Hingoli
Washim,Yavatmal
West Champaran,Maharajganj
West Champaran,Nepal
West Champaran,Kushinagar
West Champaran,Gopalganj
West Champaran,East Champaran
West Garo Hills,East Garo Hills
West Garo Hills,South Garo Hills
West Garo Hills,Goalpara
West Garo Hills,Bangladesh
West Godavari,Khammam
West Godavari,East Godavari
West Godavari,Krishna
Yadgir,Abbe Tumkar
Yadgir,Khanapur
